"id","item","grandeza","quantidade","preco_unitario","preco_total","data","hora","estabelecimento","cnpj","endereco"
1,Cenoura,KG,"0,645","7,99","5,15","30/04/2022","14:32:19",Jose Menin,"02.178.214/0001-88","Rod Pr 412,230,,Banl Praia De Leste,Pontal do Parana,PR"
2,Brocolis Americano Un,UN,"1","4,99","4,99","30/04/2022","14:32:19",Jose Menin,"02.178.214/0001-88","Rod Pr 412,230,,Banl Praia De Leste,Pontal do Parana,PR"
3,Agriao Maco,UN,"1","2,99","2,99","30/04/2022","14:32:19",Jose Menin,"02.178.214/0001-88","Rod Pr 412,230,,Banl Praia De Leste,Pontal do Parana,PR"
4,Macarrao Orquidea Espaguete 500g,UN,"1","2,99","2,99","30/04/2022","14:32:19",Jose Menin,"02.178.214/0001-88","Rod Pr 412,230,,Banl Praia De Leste,Pontal do Parana,PR"
5,Macarrao Orquidea Espaguete 500g,UN,"1","2,99","2,99","30/04/2022","14:32:19",Jose Menin,"02.178.214/0001-88","Rod Pr 412,230,,Banl Praia De Leste,Pontal do Parana,PR"
6,Molho Predilecta Tradicional 300g,UN,"1","1,99","1,99","30/04/2022","14:32:19",Jose Menin,"02.178.214/0001-88","Rod Pr 412,230,,Banl Praia De Leste,Pontal do Parana,PR"
7,Sabao Em Po Girando Sol Rosa Sache 800g,UN,"1","6,99","6,99","30/04/2022","14:32:19",Jose Menin,"02.178.214/0001-88","Rod Pr 412,230,,Banl Praia De Leste,Pontal do Parana,PR"
8,Refresco Pop Laranja 25g,UN,"1","0,79","0,79","30/04/2022","14:32:19",Jose Menin,"02.178.214/0001-88","Rod Pr 412,230,,Banl Praia De Leste,Pontal do Parana,PR"
9,Refresco Pop Laranja 25g,UN,"1","0,79","0,79","30/04/2022","14:32:19",Jose Menin,"02.178.214/0001-88","Rod Pr 412,230,,Banl Praia De Leste,Pontal do Parana,PR"
10,Tomate Longa Vida,KG,"0,56","8,99","5,03","30/04/2022","14:32:19",Jose Menin,"02.178.214/0001-88","Rod Pr 412,230,,Banl Praia De Leste,Pontal do Parana,PR"
11,Molho Predilecta Tradicional 300g,UN,"1","1,99","1,99","30/04/2022","14:32:19",Jose Menin,"02.178.214/0001-88","Rod Pr 412,230,,Banl Praia De Leste,Pontal do Parana,PR"
12,Frango A Passarinho,KG,"1,064","9,99","10,63","30/04/2022","14:32:19",Jose Menin,"02.178.214/0001-88","Rod Pr 412,230,,Banl Praia De Leste,Pontal do Parana,PR"
13,Paleta Suina,KG,"1,448","11,99","17,36","30/04/2022","14:32:19",Jose Menin,"02.178.214/0001-88","Rod Pr 412,230,,Banl Praia De Leste,Pontal do Parana,PR"
14,TINIDAZOL+MICONAZOL VAG 45G+7APL,UND,"1","40,57","40,57","02/04/2022","19:19:25",FREEFARMA PRAIA DE LESTE,"36.775.299/0005-27","ROD PR 412 ENGENHEIRO DARCI GOMES D,1214,,PRAIA DE LESTE,Pontal do Parana,PR"
15,CIMEGRIPE C/10 CAPS,UND,"1","11,68","11,68","02/04/2022","19:19:25",FREEFARMA PRAIA DE LESTE,"36.775.299/0005-27","ROD PR 412 ENGENHEIRO DARCI GOMES D,1214,,PRAIA DE LESTE,Pontal do Parana,PR"
16,CR DENTAL ORAL B 70G 123 ANTICARIES,UND,"1","2,98","2,98","02/04/2022","19:19:25",FREEFARMA PRAIA DE LESTE,"36.775.299/0005-27","ROD PR 412 ENGENHEIRO DARCI GOMES D,1214,,PRAIA DE LESTE,Pontal do Parana,PR"
17,CR DENTAL CLOSEUP 90G EUCALIPTUS FREEZE,UND,"1","3,98","3,98","02/04/2022","19:19:25",FREEFARMA PRAIA DE LESTE,"36.775.299/0005-27","ROD PR 412 ENGENHEIRO DARCI GOMES D,1214,,PRAIA DE LESTE,Pontal do Parana,PR"
18,SAB NIVEA 85G FLOR DE CEREJEIRA,UND,"1","1,98","1,98","02/04/2022","19:19:25",FREEFARMA PRAIA DE LESTE,"36.775.299/0005-27","ROD PR 412 ENGENHEIRO DARCI GOMES D,1214,,PRAIA DE LESTE,Pontal do Parana,PR"
19,SAB NIVEA 85G ERVA DOCE,UND,"1","1,98","1,98","02/04/2022","19:19:25",FREEFARMA PRAIA DE LESTE,"36.775.299/0005-27","ROD PR 412 ENGENHEIRO DARCI GOMES D,1214,,PRAIA DE LESTE,Pontal do Parana,PR"
20,SAB NIVEA 85G FLOR DE LARANJEIRA,UND,"1","1,98","1,98","02/04/2022","19:19:25",FREEFARMA PRAIA DE LESTE,"36.775.299/0005-27","ROD PR 412 ENGENHEIRO DARCI GOMES D,1214,,PRAIA DE LESTE,Pontal do Parana,PR"
21,SAB NIVEA 85G AGUA DE COCO,UND,"1","1,98","1,98","02/04/2022","19:19:25",FREEFARMA PRAIA DE LESTE,"36.775.299/0005-27","ROD PR 412 ENGENHEIRO DARCI GOMES D,1214,,PRAIA DE LESTE,Pontal do Parana,PR"
22,SAB NIVEA 85G TOQUE DE BAUNILHA,UND,"1","1,98","1,98","02/04/2022","19:19:25",FREEFARMA PRAIA DE LESTE,"36.775.299/0005-27","ROD PR 412 ENGENHEIRO DARCI GOMES D,1214,,PRAIA DE LESTE,Pontal do Parana,PR"
23,Amendoim St. Helena,UN,"1","11,99","11,99","28/03/2022","21:16:19",Supermercados Bavaresco Ltda,"01.472.861/0007-20","Rod Pr 407 - Eng Argus Tha Heyn ,300,0,,Praia De Leste,Pontal Do Parana,PR"
24,Beb Lactea Batavo 54,UN,"1","4,99","4,99","28/03/2022","21:16:19",Supermercados Bavaresco Ltda,"01.472.861/0007-20","Rod Pr 407 - Eng Argus Tha Heyn ,300,0,,Praia De Leste,Pontal Do Parana,PR"
25,Beb Lactea Batavo 54,UN,"1","4,99","4,99","28/03/2022","21:16:19",Supermercados Bavaresco Ltda,"01.472.861/0007-20","Rod Pr 407 - Eng Argus Tha Heyn ,300,0,,Praia De Leste,Pontal Do Parana,PR"
26,Acucar Boa Mesa 1kg,UN,"1","3,99","3,99","28/03/2022","21:16:19",Supermercados Bavaresco Ltda,"01.472.861/0007-20","Rod Pr 407 - Eng Argus Tha Heyn ,300,0,,Praia De Leste,Pontal Do Parana,PR"
27,Arroz Buriti 5kg,UN,"1","18,9","18,90","28/03/2022","21:16:19",Supermercados Bavaresco Ltda,"01.472.861/0007-20","Rod Pr 407 - Eng Argus Tha Heyn ,300,0,,Praia De Leste,Pontal Do Parana,PR"
28,Mac Orquidea 500g,UN,"1","2,99","2,99","28/03/2022","21:16:19",Supermercados Bavaresco Ltda,"01.472.861/0007-20","Rod Pr 407 - Eng Argus Tha Heyn ,300,0,,Praia De Leste,Pontal Do Parana,PR"
29,Mac Orquidea 500g,UN,"1","2,99","2,99","28/03/2022","21:16:19",Supermercados Bavaresco Ltda,"01.472.861/0007-20","Rod Pr 407 - Eng Argus Tha Heyn ,300,0,,Praia De Leste,Pontal Do Parana,PR"
30,Mac Orquidea 500g,UN,"1","2,99","2,99","28/03/2022","21:16:19",Supermercados Bavaresco Ltda,"01.472.861/0007-20","Rod Pr 407 - Eng Argus Tha Heyn ,300,0,,Praia De Leste,Pontal Do Parana,PR"
31,Amac Q.Boa 2lt,UN,"1","6,49","6,49","28/03/2022","21:16:19",Supermercados Bavaresco Ltda,"01.472.861/0007-20","Rod Pr 407 - Eng Argus Tha Heyn ,300,0,,Praia De Leste,Pontal Do Parana,PR"
32,Desinf Pinho Trop 50,UN,"1","3,49","3,49","28/03/2022","21:16:19",Supermercados Bavaresco Ltda,"01.472.861/0007-20","Rod Pr 407 - Eng Argus Tha Heyn ,300,0,,Praia De Leste,Pontal Do Parana,PR"
33,Deterg Ype 500ml,UN,"1","2,69","2,69","28/03/2022","21:16:19",Supermercados Bavaresco Ltda,"01.472.861/0007-20","Rod Pr 407 - Eng Argus Tha Heyn ,300,0,,Praia De Leste,Pontal Do Parana,PR"
34,Mac Orquidea 500g,UN,"1","2,99","2,99","28/03/2022","21:16:19",Supermercados Bavaresco Ltda,"01.472.861/0007-20","Rod Pr 407 - Eng Argus Tha Heyn ,300,0,,Praia De Leste,Pontal Do Parana,PR"
35,Mac Orquidea 500g,UN,"1","2,99","2,99","28/03/2022","21:16:19",Supermercados Bavaresco Ltda,"01.472.861/0007-20","Rod Pr 407 - Eng Argus Tha Heyn ,300,0,,Praia De Leste,Pontal Do Parana,PR"
36,Bisc Parati Rosca 33,UN,"1","4,49","4,49","28/03/2022","21:16:19",Supermercados Bavaresco Ltda,"01.472.861/0007-20","Rod Pr 407 - Eng Argus Tha Heyn ,300,0,,Praia De Leste,Pontal Do Parana,PR"
37,Farofa Pinduca De Mi,UN,"1","6,49","6,49","28/03/2022","21:16:19",Supermercados Bavaresco Ltda,"01.472.861/0007-20","Rod Pr 407 - Eng Argus Tha Heyn ,300,0,,Praia De Leste,Pontal Do Parana,PR"
38,Farofa Mand Pinduca,UN,"1","6,99","6,99","28/03/2022","21:16:19",Supermercados Bavaresco Ltda,"01.472.861/0007-20","Rod Pr 407 - Eng Argus Tha Heyn ,300,0,,Praia De Leste,Pontal Do Parana,PR"
39,Bisc Girassol Rosq 3,UN,"1","3,49","3,49","28/03/2022","21:16:19",Supermercados Bavaresco Ltda,"01.472.861/0007-20","Rod Pr 407 - Eng Argus Tha Heyn ,300,0,,Praia De Leste,Pontal Do Parana,PR"
40,Bisc Parati Rosca 33,UN,"1","4,49","4,49","28/03/2022","21:16:19",Supermercados Bavaresco Ltda,"01.472.861/0007-20","Rod Pr 407 - Eng Argus Tha Heyn ,300,0,,Praia De Leste,Pontal Do Parana,PR"
41,Molho Tom.Etti Sache,UN,"1","1,49","1,49","28/03/2022","21:16:19",Supermercados Bavaresco Ltda,"01.472.861/0007-20","Rod Pr 407 - Eng Argus Tha Heyn ,300,0,,Praia De Leste,Pontal Do Parana,PR"
42,Molho Tom.Etti Sache,UN,"1","1,49","1,49","28/03/2022","21:16:19",Supermercados Bavaresco Ltda,"01.472.861/0007-20","Rod Pr 407 - Eng Argus Tha Heyn ,300,0,,Praia De Leste,Pontal Do Parana,PR"
43,Molho Sache 340gr,UN,"1","1,99","1,99","28/03/2022","21:16:19",Supermercados Bavaresco Ltda,"01.472.861/0007-20","Rod Pr 407 - Eng Argus Tha Heyn ,300,0,,Praia De Leste,Pontal Do Parana,PR"
44,Molho Tom Heinz 340g,UN,"1","3,29","3,29","28/03/2022","21:16:19",Supermercados Bavaresco Ltda,"01.472.861/0007-20","Rod Pr 407 - Eng Argus Tha Heyn ,300,0,,Praia De Leste,Pontal Do Parana,PR"
45,Molho Sache 340gr,UN,"1","1,99","1,99","28/03/2022","21:16:19",Supermercados Bavaresco Ltda,"01.472.861/0007-20","Rod Pr 407 - Eng Argus Tha Heyn ,300,0,,Praia De Leste,Pontal Do Parana,PR"
46,Molho Sache 340gr,UN,"1","1,99","1,99","28/03/2022","21:16:19",Supermercados Bavaresco Ltda,"01.472.861/0007-20","Rod Pr 407 - Eng Argus Tha Heyn ,300,0,,Praia De Leste,Pontal Do Parana,PR"
47,Molho Tom Heinz 340g,UN,"1","3,29","3,29","28/03/2022","21:16:19",Supermercados Bavaresco Ltda,"01.472.861/0007-20","Rod Pr 407 - Eng Argus Tha Heyn ,300,0,,Praia De Leste,Pontal Do Parana,PR"
48,Molho Sache 340gr,UN,"1","1,99","1,99","28/03/2022","21:16:19",Supermercados Bavaresco Ltda,"01.472.861/0007-20","Rod Pr 407 - Eng Argus Tha Heyn ,300,0,,Praia De Leste,Pontal Do Parana,PR"
49,Creme Cul Mococa 200,UN,"1","2,29","2,29","28/03/2022","21:16:19",Supermercados Bavaresco Ltda,"01.472.861/0007-20","Rod Pr 407 - Eng Argus Tha Heyn ,300,0,,Praia De Leste,Pontal Do Parana,PR"
50,Creme Cul Mococa 200,UN,"1","2,29","2,29","28/03/2022","21:16:19",Supermercados Bavaresco Ltda,"01.472.861/0007-20","Rod Pr 407 - Eng Argus Tha Heyn ,300,0,,Praia De Leste,Pontal Do Parana,PR"
51,Creme Cul Mococa 200,UN,"1","2,29","2,29","28/03/2022","21:16:19",Supermercados Bavaresco Ltda,"01.472.861/0007-20","Rod Pr 407 - Eng Argus Tha Heyn ,300,0,,Praia De Leste,Pontal Do Parana,PR"
52,Creme Cul Mococa 200,UN,"1","2,29","2,29","28/03/2022","21:16:19",Supermercados Bavaresco Ltda,"01.472.861/0007-20","Rod Pr 407 - Eng Argus Tha Heyn ,300,0,,Praia De Leste,Pontal Do Parana,PR"
53,Molho Tom.Etti Sache,UN,"1","1,49","1,49","28/03/2022","21:16:19",Supermercados Bavaresco Ltda,"01.472.861/0007-20","Rod Pr 407 - Eng Argus Tha Heyn ,300,0,,Praia De Leste,Pontal Do Parana,PR"
54,Molho Tom.Etti Sache,UN,"1","1,49","1,49","28/03/2022","21:16:19",Supermercados Bavaresco Ltda,"01.472.861/0007-20","Rod Pr 407 - Eng Argus Tha Heyn ,300,0,,Praia De Leste,Pontal Do Parana,PR"
55,Lava Roupas Brilhan,UN,"1","10,99","10,99","28/03/2022","21:16:19",Supermercados Bavaresco Ltda,"01.472.861/0007-20","Rod Pr 407 - Eng Argus Tha Heyn ,300,0,,Praia De Leste,Pontal Do Parana,PR"
56,Mac Inst Nissin 85g,UN,"1","1,89","1,89","28/03/2022","21:16:19",Supermercados Bavaresco Ltda,"01.472.861/0007-20","Rod Pr 407 - Eng Argus Tha Heyn ,300,0,,Praia De Leste,Pontal Do Parana,PR"
57,Mac Inst Nissin 85g,UN,"1","1,89","1,89","28/03/2022","21:16:19",Supermercados Bavaresco Ltda,"01.472.861/0007-20","Rod Pr 407 - Eng Argus Tha Heyn ,300,0,,Praia De Leste,Pontal Do Parana,PR"
58,Mac Inst Nissin 85g,UN,"1","1,89","1,89","28/03/2022","21:16:19",Supermercados Bavaresco Ltda,"01.472.861/0007-20","Rod Pr 407 - Eng Argus Tha Heyn ,300,0,,Praia De Leste,Pontal Do Parana,PR"
59,Mac Inst Nissin 85g,UN,"1","1,89","1,89","28/03/2022","21:16:19",Supermercados Bavaresco Ltda,"01.472.861/0007-20","Rod Pr 407 - Eng Argus Tha Heyn ,300,0,,Praia De Leste,Pontal Do Parana,PR"
60,Mac Inst Nissin 85g,UN,"1","1,89","1,89","28/03/2022","21:16:19",Supermercados Bavaresco Ltda,"01.472.861/0007-20","Rod Pr 407 - Eng Argus Tha Heyn ,300,0,,Praia De Leste,Pontal Do Parana,PR"
61,Marg Qualy C s 500g,UN,"1","8,99","8,99","28/03/2022","21:16:19",Supermercados Bavaresco Ltda,"01.472.861/0007-20","Rod Pr 407 - Eng Argus Tha Heyn ,300,0,,Praia De Leste,Pontal Do Parana,PR"
62,Bombril C 8un,UN,"1","1,99","1,99","28/03/2022","21:16:19",Supermercados Bavaresco Ltda,"01.472.861/0007-20","Rod Pr 407 - Eng Argus Tha Heyn ,300,0,,Praia De Leste,Pontal Do Parana,PR"
63,Mac Inst Nissin 85g,UN,"1","1,89","1,89","28/03/2022","21:16:19",Supermercados Bavaresco Ltda,"01.472.861/0007-20","Rod Pr 407 - Eng Argus Tha Heyn ,300,0,,Praia De Leste,Pontal Do Parana,PR"
64,Filtro Papel Damasco,UN,"1","3,99","3,99","28/03/2022","21:16:19",Supermercados Bavaresco Ltda,"01.472.861/0007-20","Rod Pr 407 - Eng Argus Tha Heyn ,300,0,,Praia De Leste,Pontal Do Parana,PR"
65,Coador Sao Gabriel,UN,"1","4,89","4,89","28/03/2022","21:16:19",Supermercados Bavaresco Ltda,"01.472.861/0007-20","Rod Pr 407 - Eng Argus Tha Heyn ,300,0,,Praia De Leste,Pontal Do Parana,PR"
66,Pao Visconti 400g Tr,UN,"1","5,99","5,99","28/03/2022","21:16:19",Supermercados Bavaresco Ltda,"01.472.861/0007-20","Rod Pr 407 - Eng Argus Tha Heyn ,300,0,,Praia De Leste,Pontal Do Parana,PR"
67,Pao Visconti 400g Tr,UN,"1","5,99","5,99","28/03/2022","21:16:19",Supermercados Bavaresco Ltda,"01.472.861/0007-20","Rod Pr 407 - Eng Argus Tha Heyn ,300,0,,Praia De Leste,Pontal Do Parana,PR"
68,Cha Mate Leao Natura,UN,"1","4,49","4,49","28/03/2022","21:16:19",Supermercados Bavaresco Ltda,"01.472.861/0007-20","Rod Pr 407 - Eng Argus Tha Heyn ,300,0,,Praia De Leste,Pontal Do Parana,PR"
69,Escova Colg Essencia,UN,"1","3,99","3,99","28/03/2022","21:16:19",Supermercados Bavaresco Ltda,"01.472.861/0007-20","Rod Pr 407 - Eng Argus Tha Heyn ,300,0,,Praia De Leste,Pontal Do Parana,PR"
70,Escova Colg Essencia,UN,"1","3,99","3,99","28/03/2022","21:16:19",Supermercados Bavaresco Ltda,"01.472.861/0007-20","Rod Pr 407 - Eng Argus Tha Heyn ,300,0,,Praia De Leste,Pontal Do Parana,PR"
71,Past Adesiva Harpic,UN,"1","13,99","13,99","28/03/2022","21:16:19",Supermercados Bavaresco Ltda,"01.472.861/0007-20","Rod Pr 407 - Eng Argus Tha Heyn ,300,0,,Praia De Leste,Pontal Do Parana,PR"
72,Choc Barra Neugebaue,UN,"1","3,99","3,99","28/03/2022","21:16:19",Supermercados Bavaresco Ltda,"01.472.861/0007-20","Rod Pr 407 - Eng Argus Tha Heyn ,300,0,,Praia De Leste,Pontal Do Parana,PR"
73,Ref Trink Maracuja 3,UN,"1","0,99","0,99","28/03/2022","21:16:19",Supermercados Bavaresco Ltda,"01.472.861/0007-20","Rod Pr 407 - Eng Argus Tha Heyn ,300,0,,Praia De Leste,Pontal Do Parana,PR"
74,Ref Trink Limao 30 g,UN,"1","0,99","0,99","28/03/2022","21:16:19",Supermercados Bavaresco Ltda,"01.472.861/0007-20","Rod Pr 407 - Eng Argus Tha Heyn ,300,0,,Praia De Leste,Pontal Do Parana,PR"
75,Ref Trink Abacaxi 45,UN,"1","0,99","0,99","28/03/2022","21:16:19",Supermercados Bavaresco Ltda,"01.472.861/0007-20","Rod Pr 407 - Eng Argus Tha Heyn ,300,0,,Praia De Leste,Pontal Do Parana,PR"
76,Ref Trink Limao 30 g,UN,"1","0,99","0,99","28/03/2022","21:16:19",Supermercados Bavaresco Ltda,"01.472.861/0007-20","Rod Pr 407 - Eng Argus Tha Heyn ,300,0,,Praia De Leste,Pontal Do Parana,PR"
77,Ref Trink Abacaxi 45,UN,"1","0,99","0,99","28/03/2022","21:16:19",Supermercados Bavaresco Ltda,"01.472.861/0007-20","Rod Pr 407 - Eng Argus Tha Heyn ,300,0,,Praia De Leste,Pontal Do Parana,PR"
78,Ref Frisco 25g,UN,"1","0,89","0,89","28/03/2022","21:16:19",Supermercados Bavaresco Ltda,"01.472.861/0007-20","Rod Pr 407 - Eng Argus Tha Heyn ,300,0,,Praia De Leste,Pontal Do Parana,PR"
79,Ref Frisco 25g,UN,"1","0,89","0,89","28/03/2022","21:16:19",Supermercados Bavaresco Ltda,"01.472.861/0007-20","Rod Pr 407 - Eng Argus Tha Heyn ,300,0,,Praia De Leste,Pontal Do Parana,PR"
80,Choc Bis Lacta 126gr,UN,"1","4,98","4,98","28/03/2022","21:16:19",Supermercados Bavaresco Ltda,"01.472.861/0007-20","Rod Pr 407 - Eng Argus Tha Heyn ,300,0,,Praia De Leste,Pontal Do Parana,PR"
81,Refil Raid 45noite,UN,"1","19,99","19,99","28/03/2022","21:16:19",Supermercados Bavaresco Ltda,"01.472.861/0007-20","Rod Pr 407 - Eng Argus Tha Heyn ,300,0,,Praia De Leste,Pontal Do Parana,PR"
82,Ref Frisco 25g,UN,"1","0,89","0,89","28/03/2022","21:16:19",Supermercados Bavaresco Ltda,"01.472.861/0007-20","Rod Pr 407 - Eng Argus Tha Heyn ,300,0,,Praia De Leste,Pontal Do Parana,PR"
83,Batata Palha Mr Crum,UN,"1","6,99","6,99","28/03/2022","21:16:19",Supermercados Bavaresco Ltda,"01.472.861/0007-20","Rod Pr 407 - Eng Argus Tha Heyn ,300,0,,Praia De Leste,Pontal Do Parana,PR"
84,Batata Palha Mr Crum,UN,"1","6,99","6,99","28/03/2022","21:16:19",Supermercados Bavaresco Ltda,"01.472.861/0007-20","Rod Pr 407 - Eng Argus Tha Heyn ,300,0,,Praia De Leste,Pontal Do Parana,PR"
85,Temp Sabor Ami 300g,UN,"1","4,69","4,69","28/03/2022","21:16:19",Supermercados Bavaresco Ltda,"01.472.861/0007-20","Rod Pr 407 - Eng Argus Tha Heyn ,300,0,,Praia De Leste,Pontal Do Parana,PR"
86,Sabao Ype 180g Neutr,UN,"1","2,99","2,99","28/03/2022","21:16:19",Supermercados Bavaresco Ltda,"01.472.861/0007-20","Rod Pr 407 - Eng Argus Tha Heyn ,300,0,,Praia De Leste,Pontal Do Parana,PR"
87,Sab Nivea 85g,UN,"1","2,39","2,39","28/03/2022","21:16:19",Supermercados Bavaresco Ltda,"01.472.861/0007-20","Rod Pr 407 - Eng Argus Tha Heyn ,300,0,,Praia De Leste,Pontal Do Parana,PR"
88,Tomate,KG,"0,525","10,9","5,72","28/03/2022","21:16:19",Supermercados Bavaresco Ltda,"01.472.861/0007-20","Rod Pr 407 - Eng Argus Tha Heyn ,300,0,,Praia De Leste,Pontal Do Parana,PR"
89,Batata Monalisa,KG,"0,81","4,99","4,04","28/03/2022","21:16:19",Supermercados Bavaresco Ltda,"01.472.861/0007-20","Rod Pr 407 - Eng Argus Tha Heyn ,300,0,,Praia De Leste,Pontal Do Parana,PR"
90,Cebola Nacional,KG,"0,33","3,99","1,32","28/03/2022","21:16:19",Supermercados Bavaresco Ltda,"01.472.861/0007-20","Rod Pr 407 - Eng Argus Tha Heyn ,300,0,,Praia De Leste,Pontal Do Parana,PR"
91,Caqui Fuiu,KG,"0,415","6,39","2,65","28/03/2022","21:16:19",Supermercados Bavaresco Ltda,"01.472.861/0007-20","Rod Pr 407 - Eng Argus Tha Heyn ,300,0,,Praia De Leste,Pontal Do Parana,PR"
92,Goiaba Vermelha,KG,"0,19","5,29","1,01","28/03/2022","21:16:19",Supermercados Bavaresco Ltda,"01.472.861/0007-20","Rod Pr 407 - Eng Argus Tha Heyn ,300,0,,Praia De Leste,Pontal Do Parana,PR"
93,Brocolis Americano Un,UN,"1","4,99","4,99","30/03/2022","08:03:24",Jose Menin,"02.178.214/0001-88","Rod Pr 412,230,,Banl Praia De Leste,Pontal do Parana,PR"
94,Pao Frances,KG,"0,248","12,99","3,22","30/03/2022","08:03:24",Jose Menin,"02.178.214/0001-88","Rod Pr 412,230,,Banl Praia De Leste,Pontal do Parana,PR"
95,Pastel Menin Un.,UN,"1","1,99","1,99","30/03/2022","08:08:24",Jose Menin,"02.178.214/0001-88","Rod Pr 412,230,,Banl Praia De Leste,Pontal do Parana,PR"
96,Pastel Menin Un.,UN,"3","1,99","5,97","30/03/2022","08:08:24",Jose Menin,"02.178.214/0001-88","Rod Pr 412,230,,Banl Praia De Leste,Pontal do Parana,PR"
97,Fermentado Elege Morango C/6 Un,FD,"1","5,99","5,99","30/03/2022","08:36:38",Jose Menin,"02.178.214/0001-88","Rod Pr 412,230,,Banl Praia De Leste,Pontal do Parana,PR"
98,Quiche Menin,KG,"0,416","35,95","14,96","30/03/2022","08:36:38",Jose Menin,"02.178.214/0001-88","Rod Pr 412,230,,Banl Praia De Leste,Pontal do Parana,PR"
99,Carne Moida De 1 Bovina,KG,"1,034","39,99","41,35","30/03/2022","08:33:02",Jose Menin,"02.178.214/0001-88","Rod Pr 412,230,,Banl Praia De Leste,Pontal do Parana,PR"
100,Whiskas Peixe 500g RaCAo Whiskas Peixe 500g,UN,"1","19,99","19,99","30/03/2022","08:09:26",Jose Menin,"02.178.214/0001-88","Rod Pr 412,230,,Banl Praia De Leste,Pontal do Parana,PR"
101,Coxa C/ Sobre Coxa Com Dorsal,KG,"1,39","8,99","12,50","05/04/2022","19:15:26",Jose Menin,"02.178.214/0001-88","Rod Pr 412,230,,Banl Praia De Leste,Pontal do Parana,PR"
102,Cebola Argentina,KG,"0,325","4,99","1,62","05/04/2022","19:15:26",Jose Menin,"02.178.214/0001-88","Rod Pr 412,230,,Banl Praia De Leste,Pontal do Parana,PR"
103,Tomate Longa Vida,KG,"0,43","9,99","4,30","05/04/2022","19:15:26",Jose Menin,"02.178.214/0001-88","Rod Pr 412,230,,Banl Praia De Leste,Pontal do Parana,PR"
104,Moela De Frango,KG,"1,004","12,99","13,04","05/04/2022","19:15:26",Jose Menin,"02.178.214/0001-88","Rod Pr 412,230,,Banl Praia De Leste,Pontal do Parana,PR"
105,Batata Doce,Kg,"0,445","2,99","1,33","05/04/2022","19:15:26",Jose Menin,"02.178.214/0001-88","Rod Pr 412,230,,Banl Praia De Leste,Pontal do Parana,PR"
106,Carne Moida 2,KG,"0,592","27,99","16,57","05/04/2022","19:15:26",Jose Menin,"02.178.214/0001-88","Rod Pr 412,230,,Banl Praia De Leste,Pontal do Parana,PR"
107,Batata Monalisa,KG,"1,205","5,99","7,22","05/04/2022","19:15:26",Jose Menin,"02.178.214/0001-88","Rod Pr 412,230,,Banl Praia De Leste,Pontal do Parana,PR"
108,Salsinha Maco,UN,"1","1,99","1,99","05/04/2022","19:15:26",Jose Menin,"02.178.214/0001-88","Rod Pr 412,230,,Banl Praia De Leste,Pontal do Parana,PR"
109,Cebolinha Maco,UN,"1","1,49","1,49","05/04/2022","19:15:26",Jose Menin,"02.178.214/0001-88","Rod Pr 412,230,,Banl Praia De Leste,Pontal do Parana,PR"
110,Agriao Maco,UN,"1","2,99","2,99","05/04/2022","19:15:26",Jose Menin,"02.178.214/0001-88","Rod Pr 412,230,,Banl Praia De Leste,Pontal do Parana,PR"
111,Melancia,Un,"3,153","2,49","7,85","05/04/2022","19:15:26",Jose Menin,"02.178.214/0001-88","Rod Pr 412,230,,Banl Praia De Leste,Pontal do Parana,PR"
112,Salsicha Perdigao,KG,"0,506","14,99","7,58","05/04/2022","19:15:26",Jose Menin,"02.178.214/0001-88","Rod Pr 412,230,,Banl Praia De Leste,Pontal do Parana,PR"
113,Ovos J Volpi Bandeja 30un,FD,"1","15,99","15,99","05/04/2022","19:15:26",Jose Menin,"02.178.214/0001-88","Rod Pr 412,230,,Banl Praia De Leste,Pontal do Parana,PR"
114,Papel Hig. Fofinho Folha Absolute 12x30 Mtrs Papel Hig. Fofinho Folha,UN,"1","18,99","18,99","14/03/2022","19:04:31",Jose Menin,"02.178.214/0001-88","Rod Pr 412,230,,Banl Praia De Leste,Pontal do Parana,PR"
115,Cebolinha Maco,UN,"1","1,49","1,49","14/03/2022","19:04:31",Jose Menin,"02.178.214/0001-88","Rod Pr 412,230,,Banl Praia De Leste,Pontal do Parana,PR"
116,Salsinha Maco,UN,"1","1,99","1,99","14/03/2022","19:04:31",Jose Menin,"02.178.214/0001-88","Rod Pr 412,230,,Banl Praia De Leste,Pontal do Parana,PR"
117,Pao De Queijo,Kg,"0,254","11,9","3,02","14/03/2022","19:04:31",Jose Menin,"02.178.214/0001-88","Rod Pr 412,230,,Banl Praia De Leste,Pontal do Parana,PR"
118,Lamen Parati Picanha 70g,UN,"1","1,49","1,49","14/03/2022","19:04:31",Jose Menin,"02.178.214/0001-88","Rod Pr 412,230,,Banl Praia De Leste,Pontal do Parana,PR"
119,Lamen Parati Galinha 70g,UN,"1","1,49","1,49","14/03/2022","19:04:31",Jose Menin,"02.178.214/0001-88","Rod Pr 412,230,,Banl Praia De Leste,Pontal do Parana,PR"
120,Lamen Parati Picanha 70g,UN,"1","1,49","1,49","14/03/2022","19:04:31",Jose Menin,"02.178.214/0001-88","Rod Pr 412,230,,Banl Praia De Leste,Pontal do Parana,PR"
121,Lamen Parati Galinha 70g,UN,"1","1,49","1,49","14/03/2022","19:04:31",Jose Menin,"02.178.214/0001-88","Rod Pr 412,230,,Banl Praia De Leste,Pontal do Parana,PR"
122,Refresco Pop Morango 25g,UN,"1","0,79","0,79","14/03/2022","19:04:31",Jose Menin,"02.178.214/0001-88","Rod Pr 412,230,,Banl Praia De Leste,Pontal do Parana,PR"
123,Refresco Pop Abacaxi 25g,UN,"1","0,79","0,79","14/03/2022","19:04:31",Jose Menin,"02.178.214/0001-88","Rod Pr 412,230,,Banl Praia De Leste,Pontal do Parana,PR"
124,Refresco Pop Mix De Fruta 25g,UN,"1","0,79","0,79","14/03/2022","19:04:31",Jose Menin,"02.178.214/0001-88","Rod Pr 412,230,,Banl Praia De Leste,Pontal do Parana,PR"
125,Refresco Pop Tangerina 25g,UN,"1","0,79","0,79","14/03/2022","19:04:31",Jose Menin,"02.178.214/0001-88","Rod Pr 412,230,,Banl Praia De Leste,Pontal do Parana,PR"
126,Frango A Passarinho,KG,"0,572","9,99","5,71","14/03/2022","19:04:31",Jose Menin,"02.178.214/0001-88","Rod Pr 412,230,,Banl Praia De Leste,Pontal do Parana,PR"
127,Musculo C Osso,Kg,"0,538","18,99","10,22","14/03/2022","19:04:31",Jose Menin,"02.178.214/0001-88","Rod Pr 412,230,,Banl Praia De Leste,Pontal do Parana,PR"
128,Carne Moida 2,KG,"0,738","24,99","18,44","14/03/2022","19:04:31",Jose Menin,"02.178.214/0001-88","Rod Pr 412,230,,Banl Praia De Leste,Pontal do Parana,PR"
129,Pao Bauducco Trad. 400g,UN,"1","4,99","4,99","14/03/2022","19:04:31",Jose Menin,"02.178.214/0001-88","Rod Pr 412,230,,Banl Praia De Leste,Pontal do Parana,PR"
130,Pao Frances,KG,"0,21","12,99","2,73","25/03/2022","20:30:54",Jose Menin,"02.178.214/0001-88","Rod Pr 412,230,,Banl Praia De Leste,Pontal do Parana,PR"
131,Coxa C/ Sobre Coxa Com Dorsal,KG,"1,504","8,99","13,52","25/03/2022","20:30:54",Jose Menin,"02.178.214/0001-88","Rod Pr 412,230,,Banl Praia De Leste,Pontal do Parana,PR"
132,Salsinha Maco,UN,"1","1,99","1,99","25/03/2022","20:30:54",Jose Menin,"02.178.214/0001-88","Rod Pr 412,230,,Banl Praia De Leste,Pontal do Parana,PR"
133,Cebolinha Maco,UN,"1","1,49","1,49","25/03/2022","20:30:54",Jose Menin,"02.178.214/0001-88","Rod Pr 412,230,,Banl Praia De Leste,Pontal do Parana,PR"
134,Batata Doce,Kg,"0,79","1,99","1,57","25/03/2022","20:30:54",Jose Menin,"02.178.214/0001-88","Rod Pr 412,230,,Banl Praia De Leste,Pontal do Parana,PR"
135,Alho Granel,KG,"0,055","29,99","1,65","25/03/2022","20:30:54",Jose Menin,"02.178.214/0001-88","Rod Pr 412,230,,Banl Praia De Leste,Pontal do Parana,PR"
136,Cebola Argentina,KG,"0,165","4,99","0,82","25/03/2022","20:30:54",Jose Menin,"02.178.214/0001-88","Rod Pr 412,230,,Banl Praia De Leste,Pontal do Parana,PR"
137,Tomate Longa Vida,KG,"0,24","9,99","2,40","25/03/2022","20:30:54",Jose Menin,"02.178.214/0001-88","Rod Pr 412,230,,Banl Praia De Leste,Pontal do Parana,PR"
138,Batata Monalisa,KG,"0,945","6,49","6,13","25/03/2022","20:30:54",Jose Menin,"02.178.214/0001-88","Rod Pr 412,230,,Banl Praia De Leste,Pontal do Parana,PR"
139,Banana Caturra,KG,"1,66","2,99","4,96","25/03/2022","20:30:54",Jose Menin,"02.178.214/0001-88","Rod Pr 412,230,,Banl Praia De Leste,Pontal do Parana,PR"
140,Refresco Pop Abacaxi 25g,UN,"1","0,79","0,79","25/03/2022","20:30:54",Jose Menin,"02.178.214/0001-88","Rod Pr 412,230,,Banl Praia De Leste,Pontal do Parana,PR"
141,Sabonete Nivea Leite 85g,UN,"1","2,99","2,99","25/03/2022","20:30:54",Jose Menin,"02.178.214/0001-88","Rod Pr 412,230,,Banl Praia De Leste,Pontal do Parana,PR"
142,Gometes Creme Dori 32g,UN,"1","0,99","0,99","25/03/2022","20:30:54",Jose Menin,"02.178.214/0001-88","Rod Pr 412,230,,Banl Praia De Leste,Pontal do Parana,PR"
143,Feijao Cantu Preto 1,UN,"1","5,99","5,99","06/05/2022","19:33:02",Supermercados Bavaresco Ltda,"01.472.861/0007-20","Rod Pr 407 - Eng Argus Tha Heyn ,300,0,,Praia De Leste,Pontal Do Parana,PR"
144,Acucar Extra Fino Gl,UN,"1","3,99","3,99","06/05/2022","19:33:02",Supermercados Bavaresco Ltda,"01.472.861/0007-20","Rod Pr 407 - Eng Argus Tha Heyn ,300,0,,Praia De Leste,Pontal Do Parana,PR"
145,Fuba Campo Largo Ama,UN,"1","4,99","4,99","06/05/2022","19:33:02",Supermercados Bavaresco Ltda,"01.472.861/0007-20","Rod Pr 407 - Eng Argus Tha Heyn ,300,0,,Praia De Leste,Pontal Do Parana,PR"
146,Lava Roupas Brilhan,UN,"1","10,99","10,99","06/05/2022","19:33:02",Supermercados Bavaresco Ltda,"01.472.861/0007-20","Rod Pr 407 - Eng Argus Tha Heyn ,300,0,,Praia De Leste,Pontal Do Parana,PR"
147,Queijo Mussa Finissi,KG,"0,18","46,9","8,44","06/05/2022","19:33:02",Supermercados Bavaresco Ltda,"01.472.861/0007-20","Rod Pr 407 - Eng Argus Tha Heyn ,300,0,,Praia De Leste,Pontal Do Parana,PR"
148,Presunto Alegra,KG,"0,206","24,9","5,13","06/05/2022","19:33:02",Supermercados Bavaresco Ltda,"01.472.861/0007-20","Rod Pr 407 - Eng Argus Tha Heyn ,300,0,,Praia De Leste,Pontal Do Parana,PR"
149,Cr.D.Closeup 90g Red,UN,"1","3,69","3,69","06/05/2022","19:33:02",Supermercados Bavaresco Ltda,"01.472.861/0007-20","Rod Pr 407 - Eng Argus Tha Heyn ,300,0,,Praia De Leste,Pontal Do Parana,PR"
150,Creme Dental Colgate,UN,"1","6,99","6,99","06/05/2022","19:33:02",Supermercados Bavaresco Ltda,"01.472.861/0007-20","Rod Pr 407 - Eng Argus Tha Heyn ,300,0,,Praia De Leste,Pontal Do Parana,PR"
151,Past Adesiva Harpic,UN,"1","13,99","13,99","06/05/2022","19:33:02",Supermercados Bavaresco Ltda,"01.472.861/0007-20","Rod Pr 407 - Eng Argus Tha Heyn ,300,0,,Praia De Leste,Pontal Do Parana,PR"
152,Talco Tenys Pe 100g,UN,"1","8,99","8,99","06/05/2022","19:33:02",Supermercados Bavaresco Ltda,"01.472.861/0007-20","Rod Pr 407 - Eng Argus Tha Heyn ,300,0,,Praia De Leste,Pontal Do Parana,PR"
153,Sh Elseve 400ml,UN,"1","20,99","20,99","06/05/2022","19:33:02",Supermercados Bavaresco Ltda,"01.472.861/0007-20","Rod Pr 407 - Eng Argus Tha Heyn ,300,0,,Praia De Leste,Pontal Do Parana,PR"
154,Arroz Buriti 5kg,UN,"1","14,99","14,99","06/05/2022","19:33:02",Supermercados Bavaresco Ltda,"01.472.861/0007-20","Rod Pr 407 - Eng Argus Tha Heyn ,300,0,,Praia De Leste,Pontal Do Parana,PR"
155,Toalha Pap.Stylus C,UN,"1","3,99","3,99","06/05/2022","19:33:02",Supermercados Bavaresco Ltda,"01.472.861/0007-20","Rod Pr 407 - Eng Argus Tha Heyn ,300,0,,Praia De Leste,Pontal Do Parana,PR"
156,Papel Hig Fofinho,UN,"1","14,99","14,99","06/05/2022","19:33:02",Supermercados Bavaresco Ltda,"01.472.861/0007-20","Rod Pr 407 - Eng Argus Tha Heyn ,300,0,,Praia De Leste,Pontal Do Parana,PR"
157,Molho Sache 340gr,UN,"1","1,99","1,99","06/05/2022","19:33:02",Supermercados Bavaresco Ltda,"01.472.861/0007-20","Rod Pr 407 - Eng Argus Tha Heyn ,300,0,,Praia De Leste,Pontal Do Parana,PR"
158,Molho Sache 340gr,UN,"1","1,99","1,99","06/05/2022","19:33:02",Supermercados Bavaresco Ltda,"01.472.861/0007-20","Rod Pr 407 - Eng Argus Tha Heyn ,300,0,,Praia De Leste,Pontal Do Parana,PR"
159,Molho Bonare 340g,UN,"1","1,79","1,79","06/05/2022","19:33:02",Supermercados Bavaresco Ltda,"01.472.861/0007-20","Rod Pr 407 - Eng Argus Tha Heyn ,300,0,,Praia De Leste,Pontal Do Parana,PR"
160,Molho Tom Heinz 340g,UN,"1","3,29","3,29","06/05/2022","19:33:02",Supermercados Bavaresco Ltda,"01.472.861/0007-20","Rod Pr 407 - Eng Argus Tha Heyn ,300,0,,Praia De Leste,Pontal Do Parana,PR"
161,Molho Sache 340gr,UN,"1","1,99","1,99","06/05/2022","19:33:02",Supermercados Bavaresco Ltda,"01.472.861/0007-20","Rod Pr 407 - Eng Argus Tha Heyn ,300,0,,Praia De Leste,Pontal Do Parana,PR"
162,Molho Bonare 340g,UN,"1","1,79","1,79","06/05/2022","19:33:02",Supermercados Bavaresco Ltda,"01.472.861/0007-20","Rod Pr 407 - Eng Argus Tha Heyn ,300,0,,Praia De Leste,Pontal Do Parana,PR"
163,Cafe Bom Jesus 500g,UN,"1","14,9","14,90","06/05/2022","19:33:02",Supermercados Bavaresco Ltda,"01.472.861/0007-20","Rod Pr 407 - Eng Argus Tha Heyn ,300,0,,Praia De Leste,Pontal Do Parana,PR"
164,Molho Bonare 340g,UN,"1","1,79","1,79","06/05/2022","19:33:02",Supermercados Bavaresco Ltda,"01.472.861/0007-20","Rod Pr 407 - Eng Argus Tha Heyn ,300,0,,Praia De Leste,Pontal Do Parana,PR"
165,Molho Tom Heinz 340g,UN,"1","3,29","3,29","06/05/2022","19:33:02",Supermercados Bavaresco Ltda,"01.472.861/0007-20","Rod Pr 407 - Eng Argus Tha Heyn ,300,0,,Praia De Leste,Pontal Do Parana,PR"
166,Molho Bonare 340g,UN,"1","1,79","1,79","06/05/2022","19:33:02",Supermercados Bavaresco Ltda,"01.472.861/0007-20","Rod Pr 407 - Eng Argus Tha Heyn ,300,0,,Praia De Leste,Pontal Do Parana,PR"
167,Molho Sache 340gr,UN,"1","1,99","1,99","06/05/2022","19:33:02",Supermercados Bavaresco Ltda,"01.472.861/0007-20","Rod Pr 407 - Eng Argus Tha Heyn ,300,0,,Praia De Leste,Pontal Do Parana,PR"
168,Agua Sanit Suprema 1,UN,"1","2,99","2,99","06/05/2022","19:33:02",Supermercados Bavaresco Ltda,"01.472.861/0007-20","Rod Pr 407 - Eng Argus Tha Heyn ,300,0,,Praia De Leste,Pontal Do Parana,PR"
169,Desinf Lysoform 1lt,UN,"1","10,99","10,99","06/05/2022","19:33:02",Supermercados Bavaresco Ltda,"01.472.861/0007-20","Rod Pr 407 - Eng Argus Tha Heyn ,300,0,,Praia De Leste,Pontal Do Parana,PR"
170,Deter Girando Sol 1l,UN,"1","3,99","3,99","06/05/2022","19:33:02",Supermercados Bavaresco Ltda,"01.472.861/0007-20","Rod Pr 407 - Eng Argus Tha Heyn ,300,0,,Praia De Leste,Pontal Do Parana,PR"
171,Mac Inst Nissin 85g,UN,"1","1,79","1,79","06/05/2022","19:33:02",Supermercados Bavaresco Ltda,"01.472.861/0007-20","Rod Pr 407 - Eng Argus Tha Heyn ,300,0,,Praia De Leste,Pontal Do Parana,PR"
172,Mac Inst Nissin 85g,UN,"1","1,79","1,79","06/05/2022","19:33:02",Supermercados Bavaresco Ltda,"01.472.861/0007-20","Rod Pr 407 - Eng Argus Tha Heyn ,300,0,,Praia De Leste,Pontal Do Parana,PR"
173,Mac Inst Nissin 85g,UN,"1","1,79","1,79","06/05/2022","19:33:02",Supermercados Bavaresco Ltda,"01.472.861/0007-20","Rod Pr 407 - Eng Argus Tha Heyn ,300,0,,Praia De Leste,Pontal Do Parana,PR"
174,Mac Inst Nissin 85g,UN,"1","1,79","1,79","06/05/2022","19:33:02",Supermercados Bavaresco Ltda,"01.472.861/0007-20","Rod Pr 407 - Eng Argus Tha Heyn ,300,0,,Praia De Leste,Pontal Do Parana,PR"
175,Sabao Alpes 150g Bar,UN,"1","1,99","1,99","06/05/2022","19:33:02",Supermercados Bavaresco Ltda,"01.472.861/0007-20","Rod Pr 407 - Eng Argus Tha Heyn ,300,0,,Praia De Leste,Pontal Do Parana,PR"
176,Ref Frisco 25g,UN,"1","0,89","0,89","06/05/2022","19:33:02",Supermercados Bavaresco Ltda,"01.472.861/0007-20","Rod Pr 407 - Eng Argus Tha Heyn ,300,0,,Praia De Leste,Pontal Do Parana,PR"
177,Ref Frisco 25g,UN,"1","0,89","0,89","06/05/2022","19:33:02",Supermercados Bavaresco Ltda,"01.472.861/0007-20","Rod Pr 407 - Eng Argus Tha Heyn ,300,0,,Praia De Leste,Pontal Do Parana,PR"
178,Ref Frisco 25g,UN,"1","0,89","0,89","06/05/2022","19:33:02",Supermercados Bavaresco Ltda,"01.472.861/0007-20","Rod Pr 407 - Eng Argus Tha Heyn ,300,0,,Praia De Leste,Pontal Do Parana,PR"
179,Sab Nivea 85g,UN,"1","1,99","1,99","06/05/2022","19:33:02",Supermercados Bavaresco Ltda,"01.472.861/0007-20","Rod Pr 407 - Eng Argus Tha Heyn ,300,0,,Praia De Leste,Pontal Do Parana,PR"
180,Sab Nivea 85g,UN,"1","1,99","1,99","06/05/2022","19:33:02",Supermercados Bavaresco Ltda,"01.472.861/0007-20","Rod Pr 407 - Eng Argus Tha Heyn ,300,0,,Praia De Leste,Pontal Do Parana,PR"
181,Sab Nivea 85g,UN,"1","1,99","1,99","06/05/2022","19:33:02",Supermercados Bavaresco Ltda,"01.472.861/0007-20","Rod Pr 407 - Eng Argus Tha Heyn ,300,0,,Praia De Leste,Pontal Do Parana,PR"
182,Sab Nivea 85g,UN,"1","1,99","1,99","06/05/2022","19:33:02",Supermercados Bavaresco Ltda,"01.472.861/0007-20","Rod Pr 407 - Eng Argus Tha Heyn ,300,0,,Praia De Leste,Pontal Do Parana,PR"
183,Sab Nivea 85g,UN,"1","1,99","1,99","06/05/2022","19:33:02",Supermercados Bavaresco Ltda,"01.472.861/0007-20","Rod Pr 407 - Eng Argus Tha Heyn ,300,0,,Praia De Leste,Pontal Do Parana,PR"
184,Sab Nivea 85g,UN,"1","1,99","1,99","06/05/2022","19:33:02",Supermercados Bavaresco Ltda,"01.472.861/0007-20","Rod Pr 407 - Eng Argus Tha Heyn ,300,0,,Praia De Leste,Pontal Do Parana,PR"
185,Mac Roberta 500g,UN,"1","2,59","2,59","06/05/2022","19:33:02",Supermercados Bavaresco Ltda,"01.472.861/0007-20","Rod Pr 407 - Eng Argus Tha Heyn ,300,0,,Praia De Leste,Pontal Do Parana,PR"
186,Ref Frisco 25g,UN,"1","0,89","0,89","06/05/2022","19:33:02",Supermercados Bavaresco Ltda,"01.472.861/0007-20","Rod Pr 407 - Eng Argus Tha Heyn ,300,0,,Praia De Leste,Pontal Do Parana,PR"
187,Ref Frisco 25g,UN,"1","0,89","0,89","06/05/2022","19:33:02",Supermercados Bavaresco Ltda,"01.472.861/0007-20","Rod Pr 407 - Eng Argus Tha Heyn ,300,0,,Praia De Leste,Pontal Do Parana,PR"
188,Ref Frisco 25g,UN,"1","0,89","0,89","06/05/2022","19:33:02",Supermercados Bavaresco Ltda,"01.472.861/0007-20","Rod Pr 407 - Eng Argus Tha Heyn ,300,0,,Praia De Leste,Pontal Do Parana,PR"
189,Ref Frisco 25g,UN,"1","0,89","0,89","06/05/2022","19:33:02",Supermercados Bavaresco Ltda,"01.472.861/0007-20","Rod Pr 407 - Eng Argus Tha Heyn ,300,0,,Praia De Leste,Pontal Do Parana,PR"
190,Ref Frisco 25g,UN,"1","0,89","0,89","06/05/2022","19:33:02",Supermercados Bavaresco Ltda,"01.472.861/0007-20","Rod Pr 407 - Eng Argus Tha Heyn ,300,0,,Praia De Leste,Pontal Do Parana,PR"
191,Ref Frisco 25g,UN,"1","0,89","0,89","06/05/2022","19:33:02",Supermercados Bavaresco Ltda,"01.472.861/0007-20","Rod Pr 407 - Eng Argus Tha Heyn ,300,0,,Praia De Leste,Pontal Do Parana,PR"
192,Ref Frisco 25g,UN,"1","0,89","0,89","06/05/2022","19:33:02",Supermercados Bavaresco Ltda,"01.472.861/0007-20","Rod Pr 407 - Eng Argus Tha Heyn ,300,0,,Praia De Leste,Pontal Do Parana,PR"
193,Bisc Panco  500gr,UN,"1","8,99","8,99","06/05/2022","19:33:02",Supermercados Bavaresco Ltda,"01.472.861/0007-20","Rod Pr 407 - Eng Argus Tha Heyn ,300,0,,Praia De Leste,Pontal Do Parana,PR"
194,Bisc Panco Rosq 350g,UN,"1","5,99","5,99","06/05/2022","19:33:02",Supermercados Bavaresco Ltda,"01.472.861/0007-20","Rod Pr 407 - Eng Argus Tha Heyn ,300,0,,Praia De Leste,Pontal Do Parana,PR"
195,Filtro Papel Melitta,UN,"1","3,79","3,79","06/05/2022","19:33:02",Supermercados Bavaresco Ltda,"01.472.861/0007-20","Rod Pr 407 - Eng Argus Tha Heyn ,300,0,,Praia De Leste,Pontal Do Parana,PR"
196,Tapioca Lopes Hidrat,UN,"1","7,99","7,99","06/05/2022","19:33:02",Supermercados Bavaresco Ltda,"01.472.861/0007-20","Rod Pr 407 - Eng Argus Tha Heyn ,300,0,,Praia De Leste,Pontal Do Parana,PR"
197,Batata Palha Strike,UN,"1","8,99","8,99","06/05/2022","19:33:02",Supermercados Bavaresco Ltda,"01.472.861/0007-20","Rod Pr 407 - Eng Argus Tha Heyn ,300,0,,Praia De Leste,Pontal Do Parana,PR"
198,Mac Roberta 500g,UN,"1","2,59","2,59","06/05/2022","19:33:02",Supermercados Bavaresco Ltda,"01.472.861/0007-20","Rod Pr 407 - Eng Argus Tha Heyn ,300,0,,Praia De Leste,Pontal Do Parana,PR"
199,Esp Scotch Brite Lv4,UN,"1","6,99","6,99","06/05/2022","19:33:02",Supermercados Bavaresco Ltda,"01.472.861/0007-20","Rod Pr 407 - Eng Argus Tha Heyn ,300,0,,Praia De Leste,Pontal Do Parana,PR"
200,Des Rollon Rex 50ml,UN,"1","8,99","8,99","06/05/2022","19:33:02",Supermercados Bavaresco Ltda,"01.472.861/0007-20","Rod Pr 407 - Eng Argus Tha Heyn ,300,0,,Praia De Leste,Pontal Do Parana,PR"
201,Marg Qualy C s 500g,UN,"1","8,99","8,99","06/05/2022","19:33:02",Supermercados Bavaresco Ltda,"01.472.861/0007-20","Rod Pr 407 - Eng Argus Tha Heyn ,300,0,,Praia De Leste,Pontal Do Parana,PR"
202,Farinha Orquidea 1kg,UN,"1","4,89","4,89","06/05/2022","19:33:02",Supermercados Bavaresco Ltda,"01.472.861/0007-20","Rod Pr 407 - Eng Argus Tha Heyn ,300,0,,Praia De Leste,Pontal Do Parana,PR"
203,Adocante Liq Stevia,UN,"1","16,9","16,90","06/05/2022","19:33:02",Supermercados Bavaresco Ltda,"01.472.861/0007-20","Rod Pr 407 - Eng Argus Tha Heyn ,300,0,,Praia De Leste,Pontal Do Parana,PR"
204,Temp Sabor Ami 300g,UN,"1","4,69","4,69","06/05/2022","19:33:02",Supermercados Bavaresco Ltda,"01.472.861/0007-20","Rod Pr 407 - Eng Argus Tha Heyn ,300,0,,Praia De Leste,Pontal Do Parana,PR"
205,Pao Bauducco 400g,UN,"1","5,99","5,99","06/05/2022","19:33:02",Supermercados Bavaresco Ltda,"01.472.861/0007-20","Rod Pr 407 - Eng Argus Tha Heyn ,300,0,,Praia De Leste,Pontal Do Parana,PR"
206,Mac Inst Nissin 85g,UN,"1","1,79","1,79","06/05/2022","19:33:02",Supermercados Bavaresco Ltda,"01.472.861/0007-20","Rod Pr 407 - Eng Argus Tha Heyn ,300,0,,Praia De Leste,Pontal Do Parana,PR"
207,Mac Inst Nissin 85g,UN,"1","1,79","1,79","06/05/2022","19:33:02",Supermercados Bavaresco Ltda,"01.472.861/0007-20","Rod Pr 407 - Eng Argus Tha Heyn ,300,0,,Praia De Leste,Pontal Do Parana,PR"
208,Fio Dental Hillo 100,UN,"1","4,99","4,99","06/05/2022","19:33:02",Supermercados Bavaresco Ltda,"01.472.861/0007-20","Rod Pr 407 - Eng Argus Tha Heyn ,300,0,,Praia De Leste,Pontal Do Parana,PR"
209,Fermento Royal Po 10,UN,"1","2,69","2,69","06/05/2022","19:33:02",Supermercados Bavaresco Ltda,"01.472.861/0007-20","Rod Pr 407 - Eng Argus Tha Heyn ,300,0,,Praia De Leste,Pontal Do Parana,PR"
210,Picadao Suino,KG,"1,065","8,99","9,57","05/05/2022","11:05:21",Jose Menin,"02.178.214/0001-88","Rod Pr 412,230,,Banl Praia De Leste,Pontal do Parana,PR"
211,Frango A Passarinho,KG,"0,828","9,99","8,27","05/05/2022","11:05:21",Jose Menin,"02.178.214/0001-88","Rod Pr 412,230,,Banl Praia De Leste,Pontal do Parana,PR"
212,Frango A Passarinho,KG,"0,744","9,99","7,43","05/05/2022","11:05:21",Jose Menin,"02.178.214/0001-88","Rod Pr 412,230,,Banl Praia De Leste,Pontal do Parana,PR"
213,Banana Caturra,KG,"1,33","3,99","5,31","05/05/2022","11:05:21",Jose Menin,"02.178.214/0001-88","Rod Pr 412,230,,Banl Praia De Leste,Pontal do Parana,PR"
214,Cebola Argentina,KG,"0,8","6,99","5,59","05/05/2022","11:05:21",Jose Menin,"02.178.214/0001-88","Rod Pr 412,230,,Banl Praia De Leste,Pontal do Parana,PR"
215,Gengibre,KG,"0,105","9,99","1,05","05/05/2022","11:05:21",Jose Menin,"02.178.214/0001-88","Rod Pr 412,230,,Banl Praia De Leste,Pontal do Parana,PR"
216,Alho Granel,KG,"0,055","29,99","1,65","05/05/2022","11:05:21",Jose Menin,"02.178.214/0001-88","Rod Pr 412,230,,Banl Praia De Leste,Pontal do Parana,PR"
217,Salsinha Maco,UN,"1","1,99","1,99","05/05/2022","11:05:21",Jose Menin,"02.178.214/0001-88","Rod Pr 412,230,,Banl Praia De Leste,Pontal do Parana,PR"
218,Macarrao Orquidea Espaguete 500g,UN,"1","2,99","2,99","05/05/2022","11:05:21",Jose Menin,"02.178.214/0001-88","Rod Pr 412,230,,Banl Praia De Leste,Pontal do Parana,PR"
219,Molho Fugini Tradicional 300g,UN,"1","1,99","1,99","05/05/2022","11:05:21",Jose Menin,"02.178.214/0001-88","Rod Pr 412,230,,Banl Praia De Leste,Pontal do Parana,PR"
220,Chocolate Neugebauer 90g,UN,"1","4,95","4,95","05/05/2022","11:05:21",Jose Menin,"02.178.214/0001-88","Rod Pr 412,230,,Banl Praia De Leste,Pontal do Parana,PR"
221,Pao Frances,KG,"0,19","12,99","2,47","05/05/2022","11:05:21",Jose Menin,"02.178.214/0001-88","Rod Pr 412,230,,Banl Praia De Leste,Pontal do Parana,PR"
222,Cueca Virada,KG,"0,22","29,95","6,59","05/05/2022","11:05:21",Jose Menin,"02.178.214/0001-88","Rod Pr 412,230,,Banl Praia De Leste,Pontal do Parana,PR"
223,Desinfetante Pinho Bril Brisa Do Mar 500ml,UN,"1","3,95","3,95","05/05/2022","11:05:21",Jose Menin,"02.178.214/0001-88","Rod Pr 412,230,,Banl Praia De Leste,Pontal do Parana,PR"
224,AMBROL XPE ADULTO 100ML,UND,"1","30,74","30,74","05/05/2022","11:37:46",FREEFARMA PRAIA DE LESTE,"36.775.299/0005-27","ROD PR 412 ENGENHEIRO DARCI GOMES D,1214,,PRAIA DE LESTE,Pontal do Parana,PR"
225,DIPIRONA 500MG C/30 COMP,UND,"1","27,23","27,23","05/05/2022","11:37:46",FREEFARMA PRAIA DE LESTE,"36.775.299/0005-27","ROD PR 412 ENGENHEIRO DARCI GOMES D,1214,,PRAIA DE LESTE,Pontal do Parana,PR"
226,REFRI FANTA UVA LATA 350ML,UND,"1","3,98","3,98","05/05/2022","11:37:46",FREEFARMA PRAIA DE LESTE,"36.775.299/0005-27","ROD PR 412 ENGENHEIRO DARCI GOMES D,1214,,PRAIA DE LESTE,Pontal do Parana,PR"
227,COXAO MOLE BOV.C/CAPA KG (PECA)*PR*,KG,"1,09","41,99","45,77","30/04/2022","16:46:01",COOPERATIVA AGROINDUSTRIAL COPAGRIL,"81.584.278/0063-58","R RUI BARBOSA                            ,                            1076                            ,                                                        ,                            JARDIM DOS IPES                            ,                            Eldorado                            ,                            MS"
228,BISTECA SUINA C/PELE KG,KG,"1,064","18,48","19,66","30/04/2022","16:46:01",COOPERATIVA AGROINDUSTRIAL COPAGRIL,"81.584.278/0063-58","R RUI BARBOSA                            ,                            1076                            ,                                                        ,                            JARDIM DOS IPES                            ,                            Eldorado                            ,                            MS"
229,PERNIL SUINO C/PELE KG*PR*,KG,"1,972","16,45","32,44","30/04/2022","16:46:01",COOPERATIVA AGROINDUSTRIAL COPAGRIL,"81.584.278/0063-58","R RUI BARBOSA                            ,                            1076                            ,                                                        ,                            JARDIM DOS IPES                            ,                            Eldorado                            ,                            MS"
230,TOMATE TIPO 1 KG*PR*,KG,"1,33","13,88","18,46","30/04/2022","16:46:01",COOPERATIVA AGROINDUSTRIAL COPAGRIL,"81.584.278/0063-58","R RUI BARBOSA                            ,                            1076                            ,                                                        ,                            JARDIM DOS IPES                            ,                            Eldorado                            ,                            MS"
231,ABOBORA ITALIA KG,KG,"0,775","5,95","4,61","30/04/2022","16:46:01",COOPERATIVA AGROINDUSTRIAL COPAGRIL,"81.584.278/0063-58","R RUI BARBOSA                            ,                            1076                            ,                                                        ,                            JARDIM DOS IPES                            ,                            Eldorado                            ,                            MS"
232,BATATA BINGE KG*PR*,KG,"0,99","7,99","7,91","30/04/2022","16:46:01",COOPERATIVA AGROINDUSTRIAL COPAGRIL,"81.584.278/0063-58","R RUI BARBOSA                            ,                            1076                            ,                                                        ,                            JARDIM DOS IPES                            ,                            Eldorado                            ,                            MS"
233,CEBOLA COMUM KG*PR*,KG,"0,73","6,29","4,59","30/04/2022","16:46:01",COOPERATIVA AGROINDUSTRIAL COPAGRIL,"81.584.278/0063-58","R RUI BARBOSA                            ,                            1076                            ,                                                        ,                            JARDIM DOS IPES                            ,                            Eldorado                            ,                            MS"
234,CENOURA KG PADRAO*PR*,KG,"1,005","9,25","9,30","30/04/2022","16:46:01",COOPERATIVA AGROINDUSTRIAL COPAGRIL,"81.584.278/0063-58","R RUI BARBOSA                            ,                            1076                            ,                                                        ,                            JARDIM DOS IPES                            ,                            Eldorado                            ,                            MS"
235,LING.AURORA SUINA P/CHURRASCO KG*PR*,KG,"1,056","20,79","21,95","30/04/2022","16:46:01",COOPERATIVA AGROINDUSTRIAL COPAGRIL,"81.584.278/0063-58","R RUI BARBOSA                            ,                            1076                            ,                                                        ,                            JARDIM DOS IPES                            ,                            Eldorado                            ,                            MS"
236,DESOD.REXONA A.COTTON DRY 150ML,UN,"1","15,58","15,58","30/04/2022","16:46:01",COOPERATIVA AGROINDUSTRIAL COPAGRIL,"81.584.278/0063-58","R RUI BARBOSA                            ,                            1076                            ,                                                        ,                            JARDIM DOS IPES                            ,                            Eldorado                            ,                            MS"
237,COXAS SOB.RESFRIADAS LAR KG*PR*,KG,"1,041","11,79","12,27","30/04/2022","16:46:01",COOPERATIVA AGROINDUSTRIAL COPAGRIL,"81.584.278/0063-58","R RUI BARBOSA                            ,                            1076                            ,                                                        ,                            JARDIM DOS IPES                            ,                            Eldorado                            ,                            MS"
238,BACON REZENDE MANTA KG*PR*,KG,"0,572","33,19","18,98","30/04/2022","16:46:01",COOPERATIVA AGROINDUSTRIAL COPAGRIL,"81.584.278/0063-58","R RUI BARBOSA                            ,                            1076                            ,                                                        ,                            JARDIM DOS IPES                            ,                            Eldorado                            ,                            MS"
239,BULE 700ML + PORTA FILTRO VERMELHO,UN,"1","74,98","74,98","31/03/2022","09:31:44",EVANDRO MARINI - EPP,"00.859.871/0001-65","RUA SANTA TEREZINHA                            ,                            1015                            ,                                                        ,                            CENTRO                            ,                            ELDORADO                            ,                            MS"
240,OVO ROCHEDO CARTELA C/30 GRANDE,UN,"1","24,45","24,45","31/03/2022","09:31:44",EVANDRO MARINI - EPP,"00.859.871/0001-65","RUA SANTA TEREZINHA                            ,                            1015                            ,                                                        ,                            CENTRO                            ,                            ELDORADO                            ,                            MS"
241,BISCOITO PICCININI ROSCA DE CALDA 700G,UN,"1","9,98","9,98","31/03/2022","09:31:44",EVANDRO MARINI - EPP,"00.859.871/0001-65","RUA SANTA TEREZINHA                            ,                            1015                            ,                                                        ,                            CENTRO                            ,                            ELDORADO                            ,                            MS"
242,BISCOITO PICCININI PALITO DE CHOCOLATE 360G,UN,"1","4,98","4,98","31/03/2022","09:31:44",EVANDRO MARINI - EPP,"00.859.871/0001-65","RUA SANTA TEREZINHA                            ,                            1015                            ,                                                        ,                            CENTRO                            ,                            ELDORADO                            ,                            MS"
243,MILHO VERDE FUGINI 170G LATA,UN,"1","2,68","2,68","31/03/2022","09:31:44",EVANDRO MARINI - EPP,"00.859.871/0001-65","RUA SANTA TEREZINHA                            ,                            1015                            ,                                                        ,                            CENTRO                            ,                            ELDORADO                            ,                            MS"
244,MILHO VERDE FUGINI 170G LATA,UN,"1","2,68","2,68","31/03/2022","09:31:44",EVANDRO MARINI - EPP,"00.859.871/0001-65","RUA SANTA TEREZINHA                            ,                            1015                            ,                                                        ,                            CENTRO                            ,                            ELDORADO                            ,                            MS"
245,MILHO VERDE FUGINI 170G LATA,UN,"1","2,68","2,68","31/03/2022","09:31:44",EVANDRO MARINI - EPP,"00.859.871/0001-65","RUA SANTA TEREZINHA                            ,                            1015                            ,                                                        ,                            CENTRO                            ,                            ELDORADO                            ,                            MS"
246,TRIGO NONITA 1KG,UN,"1","3,99","3,99","31/03/2022","09:31:44",EVANDRO MARINI - EPP,"00.859.871/0001-65","RUA SANTA TEREZINHA                            ,                            1015                            ,                                                        ,                            CENTRO                            ,                            ELDORADO                            ,                            MS"
247,TRIGO NONITA 1KG,UN,"1","3,99","3,99","31/03/2022","09:31:44",EVANDRO MARINI - EPP,"00.859.871/0001-65","RUA SANTA TEREZINHA                            ,                            1015                            ,                                                        ,                            CENTRO                            ,                            ELDORADO                            ,                            MS"
248,TRIGO NONITA 1KG,UN,"1","3,99","3,99","31/03/2022","09:31:44",EVANDRO MARINI - EPP,"00.859.871/0001-65","RUA SANTA TEREZINHA                            ,                            1015                            ,                                                        ,                            CENTRO                            ,                            ELDORADO                            ,                            MS"
249,MILHO VERDE FUGINI 170G LATA,UN,"1","2,68","2,68","31/03/2022","09:31:44",EVANDRO MARINI - EPP,"00.859.871/0001-65","RUA SANTA TEREZINHA                            ,                            1015                            ,                                                        ,                            CENTRO                            ,                            ELDORADO                            ,                            MS"
250,MACARRAO ESPAGUETE NISSIN 500G C/OVOS,UN,"1","5,99","5,99","31/03/2022","09:31:44",EVANDRO MARINI - EPP,"00.859.871/0001-65","RUA SANTA TEREZINHA                            ,                            1015                            ,                                                        ,                            CENTRO                            ,                            ELDORADO                            ,                            MS"
251,CREME LEITE MOCOCA TP 200G,UN,"1","3,48","3,48","31/03/2022","09:31:44",EVANDRO MARINI - EPP,"00.859.871/0001-65","RUA SANTA TEREZINHA                            ,                            1015                            ,                                                        ,                            CENTRO                            ,                            ELDORADO                            ,                            MS"
252,CREME LEITE MOCOCA TP 200G,UN,"1","3,48","3,48","31/03/2022","09:31:44",EVANDRO MARINI - EPP,"00.859.871/0001-65","RUA SANTA TEREZINHA                            ,                            1015                            ,                                                        ,                            CENTRO                            ,                            ELDORADO                            ,                            MS"
253,CREME LEITE MOCOCA TP 200G,UN,"1","3,48","3,48","31/03/2022","09:31:44",EVANDRO MARINI - EPP,"00.859.871/0001-65","RUA SANTA TEREZINHA                            ,                            1015                            ,                                                        ,                            CENTRO                            ,                            ELDORADO                            ,                            MS"
254,CREME LEITE MOCOCA TP 200G,UN,"1","3,48","3,48","31/03/2022","09:31:44",EVANDRO MARINI - EPP,"00.859.871/0001-65","RUA SANTA TEREZINHA                            ,                            1015                            ,                                                        ,                            CENTRO                            ,                            ELDORADO                            ,                            MS"
255,MISTURA LACTEA TRIANGULO TP 340G,UN,"1","2,99","2,99","31/03/2022","09:31:44",EVANDRO MARINI - EPP,"00.859.871/0001-65","RUA SANTA TEREZINHA                            ,                            1015                            ,                                                        ,                            CENTRO                            ,                            ELDORADO                            ,                            MS"
256,MISTURA LACTEA TRIANGULO TP 340G,UN,"1","2,99","2,99","31/03/2022","09:31:44",EVANDRO MARINI - EPP,"00.859.871/0001-65","RUA SANTA TEREZINHA                            ,                            1015                            ,                                                        ,                            CENTRO                            ,                            ELDORADO                            ,                            MS"
257,MISTURA LACTEA TRIANGULO TP 340G,UN,"1","2,99","2,99","31/03/2022","09:31:44",EVANDRO MARINI - EPP,"00.859.871/0001-65","RUA SANTA TEREZINHA                            ,                            1015                            ,                                                        ,                            CENTRO                            ,                            ELDORADO                            ,                            MS"
258,CATCHUP HEINZ TRADICIONAL 397G,UN,"1","14,98","14,98","31/03/2022","09:31:44",EVANDRO MARINI - EPP,"00.859.871/0001-65","RUA SANTA TEREZINHA                            ,                            1015                            ,                                                        ,                            CENTRO                            ,                            ELDORADO                            ,                            MS"
259,CAFE 3 CORACOES 500G EXTRA FORTE,UN,"1","19,98","19,98","31/03/2022","09:31:44",EVANDRO MARINI - EPP,"00.859.871/0001-65","RUA SANTA TEREZINHA                            ,                            1015                            ,                                                        ,                            CENTRO                            ,                            ELDORADO                            ,                            MS"
260,ESSENCIA BAUNILHA CEPERA 30ML,UN,"1","7,48","7,48","31/03/2022","09:31:44",EVANDRO MARINI - EPP,"00.859.871/0001-65","RUA SANTA TEREZINHA                            ,                            1015                            ,                                                        ,                            CENTRO                            ,                            ELDORADO                            ,                            MS"
261,FILTRO PAPEL BRIGITTA 102,UN,"1","4,78","4,78","31/03/2022","09:31:44",EVANDRO MARINI - EPP,"00.859.871/0001-65","RUA SANTA TEREZINHA                            ,                            1015                            ,                                                        ,                            CENTRO                            ,                            ELDORADO                            ,                            MS"
262,MOLHO DE TOMATE POMODORO 300G,UN,"8","1,38","11,04","31/03/2022","09:31:44",EVANDRO MARINI - EPP,"00.859.871/0001-65","RUA SANTA TEREZINHA                            ,                            1015                            ,                                                        ,                            CENTRO                            ,                            ELDORADO                            ,                            MS"
263,MARGARINA QUALY C/SAL 500G,UN,"1","8,98","8,98","31/03/2022","09:31:44",EVANDRO MARINI - EPP,"00.859.871/0001-65","RUA SANTA TEREZINHA                            ,                            1015                            ,                                                        ,                            CENTRO                            ,                            ELDORADO                            ,                            MS"
264,NISSIN LAMEN 85G CARNE,UN,"1","1,89","1,89","31/03/2022","09:31:44",EVANDRO MARINI - EPP,"00.859.871/0001-65","RUA SANTA TEREZINHA                            ,                            1015                            ,                                                        ,                            CENTRO                            ,                            ELDORADO                            ,                            MS"
265,NISSIN LAMEN 85G CARNE,UN,"1","1,89","1,89","31/03/2022","09:31:44",EVANDRO MARINI - EPP,"00.859.871/0001-65","RUA SANTA TEREZINHA                            ,                            1015                            ,                                                        ,                            CENTRO                            ,                            ELDORADO                            ,                            MS"
266,NISSIN LAMEN 85G GALINHA CAIPIRA,UN,"1","1,89","1,89","31/03/2022","09:31:44",EVANDRO MARINI - EPP,"00.859.871/0001-65","RUA SANTA TEREZINHA                            ,                            1015                            ,                                                        ,                            CENTRO                            ,                            ELDORADO                            ,                            MS"
267,NISSIN LAMEN 85G GALINHA CAIPIRA,UN,"1","1,89","1,89","31/03/2022","09:31:44",EVANDRO MARINI - EPP,"00.859.871/0001-65","RUA SANTA TEREZINHA                            ,                            1015                            ,                                                        ,                            CENTRO                            ,                            ELDORADO                            ,                            MS"
268,TEMPERO SAZON 60G VERDE,UN,"1","4,48","4,48","31/03/2022","09:31:44",EVANDRO MARINI - EPP,"00.859.871/0001-65","RUA SANTA TEREZINHA                            ,                            1015                            ,                                                        ,                            CENTRO                            ,                            ELDORADO                            ,                            MS"
269,TEMPERO SAZON 60G BRANCO,UN,"1","4,48","4,48","31/03/2022","09:31:44",EVANDRO MARINI - EPP,"00.859.871/0001-65","RUA SANTA TEREZINHA                            ,                            1015                            ,                                                        ,                            CENTRO                            ,                            ELDORADO                            ,                            MS"
270,FERMENTO FLEISCHMANN 10G,UN,"4","1,89","7,56","31/03/2022","09:31:44",EVANDRO MARINI - EPP,"00.859.871/0001-65","RUA SANTA TEREZINHA                            ,                            1015                            ,                                                        ,                            CENTRO                            ,                            ELDORADO                            ,                            MS"
271,MACARRAO DALLAS SEMOLA 500G PARAFUSO,UN,"1","4,48","4,48","31/03/2022","09:31:44",EVANDRO MARINI - EPP,"00.859.871/0001-65","RUA SANTA TEREZINHA                            ,                            1015                            ,                                                        ,                            CENTRO                            ,                            ELDORADO                            ,                            MS"
272,REFRESCO TANG 25G MORANGO,UN,"1","0,98","0,98","31/03/2022","09:31:44",EVANDRO MARINI - EPP,"00.859.871/0001-65","RUA SANTA TEREZINHA                            ,                            1015                            ,                                                        ,                            CENTRO                            ,                            ELDORADO                            ,                            MS"
273,REFRESCO TANG 25G MORANGO,UN,"1","0,98","0,98","31/03/2022","09:31:44",EVANDRO MARINI - EPP,"00.859.871/0001-65","RUA SANTA TEREZINHA                            ,                            1015                            ,                                                        ,                            CENTRO                            ,                            ELDORADO                            ,                            MS"
274,REFRESCO TANG 25G ABACAXI,UN,"1","0,98","0,98","31/03/2022","09:31:44",EVANDRO MARINI - EPP,"00.859.871/0001-65","RUA SANTA TEREZINHA                            ,                            1015                            ,                                                        ,                            CENTRO                            ,                            ELDORADO                            ,                            MS"
275,REFRESCO TANG 25G ABACAXI,UN,"1","0,98","0,98","31/03/2022","09:31:44",EVANDRO MARINI - EPP,"00.859.871/0001-65","RUA SANTA TEREZINHA                            ,                            1015                            ,                                                        ,                            CENTRO                            ,                            ELDORADO                            ,                            MS"
276,REFRESCO TANG 25G LARANJA,UN,"1","0,98","0,98","31/03/2022","09:31:44",EVANDRO MARINI - EPP,"00.859.871/0001-65","RUA SANTA TEREZINHA                            ,                            1015                            ,                                                        ,                            CENTRO                            ,                            ELDORADO                            ,                            MS"
277,REFRESCO TANG 25G LARANJA,UN,"1","0,98","0,98","31/03/2022","09:31:44",EVANDRO MARINI - EPP,"00.859.871/0001-65","RUA SANTA TEREZINHA                            ,                            1015                            ,                                                        ,                            CENTRO                            ,                            ELDORADO                            ,                            MS"
278,REFRES.PO TANG LAR/MAMA.25G,UN,"1","0,98","0,98","31/03/2022","09:31:44",EVANDRO MARINI - EPP,"00.859.871/0001-65","RUA SANTA TEREZINHA                            ,                            1015                            ,                                                        ,                            CENTRO                            ,                            ELDORADO                            ,                            MS"
279,REFRES.PO TANG LAR/MAMA.25G,UN,"1","0,98","0,98","31/03/2022","09:31:44",EVANDRO MARINI - EPP,"00.859.871/0001-65","RUA SANTA TEREZINHA                            ,                            1015                            ,                                                        ,                            CENTRO                            ,                            ELDORADO                            ,                            MS"
280,TANG UVA INTENSA,UN,"1","0,98","0,98","31/03/2022","09:31:44",EVANDRO MARINI - EPP,"00.859.871/0001-65","RUA SANTA TEREZINHA                            ,                            1015                            ,                                                        ,                            CENTRO                            ,                            ELDORADO                            ,                            MS"
281,MACARRAO RENATA C/OVOS 500G FIDELINHO 10,UN,"1","4,98","4,98","31/03/2022","09:31:44",EVANDRO MARINI - EPP,"00.859.871/0001-65","RUA SANTA TEREZINHA                            ,                            1015                            ,                                                        ,                            CENTRO                            ,                            ELDORADO                            ,                            MS"
282,PAPEL HIGIENICO PERSONAL VIP C/12 FOLHA DUPLA,UN,"1","17,98","17,98","31/03/2022","09:31:44",EVANDRO MARINI - EPP,"00.859.871/0001-65","RUA SANTA TEREZINHA                            ,                            1015                            ,                                                        ,                            CENTRO                            ,                            ELDORADO                            ,                            MS"
283,LIMPADOR PERFUMADO UAU 1L ROSA E SEDUCAO,UN,"1","8,98","8,98","31/03/2022","09:31:44",EVANDRO MARINI - EPP,"00.859.871/0001-65","RUA SANTA TEREZINHA                            ,                            1015                            ,                                                        ,                            CENTRO                            ,                            ELDORADO                            ,                            MS"
284,CREME DENTAL COLGATE MPA 180G,UN,"1","5,98","5,98","31/03/2022","09:31:44",EVANDRO MARINI - EPP,"00.859.871/0001-65","RUA SANTA TEREZINHA                            ,                            1015                            ,                                                        ,                            CENTRO                            ,                            ELDORADO                            ,                            MS"
285,CREME DENTAL COLGATE TRIPLA ACAO 180G,UN,"1","6,48","6,48","31/03/2022","09:31:44",EVANDRO MARINI - EPP,"00.859.871/0001-65","RUA SANTA TEREZINHA                            ,                            1015                            ,                                                        ,                            CENTRO                            ,                            ELDORADO                            ,                            MS"
286,SABAO GIRANDO SOL 1KG,UN,"1","7,98","7,98","31/03/2022","09:31:44",EVANDRO MARINI - EPP,"00.859.871/0001-65","RUA SANTA TEREZINHA                            ,                            1015                            ,                                                        ,                            CENTRO                            ,                            ELDORADO                            ,                            MS"
287,TANG UVA INTENSA,UN,"1","0,98","0,98","31/03/2022","09:31:44",EVANDRO MARINI - EPP,"00.859.871/0001-65","RUA SANTA TEREZINHA                            ,                            1015                            ,                                                        ,                            CENTRO                            ,                            ELDORADO                            ,                            MS"
288,SACO LIXO ROLO BIO LAR PRETO 50L,UN,"1","21,98","21,98","31/03/2022","09:31:44",EVANDRO MARINI - EPP,"00.859.871/0001-65","RUA SANTA TEREZINHA                            ,                            1015                            ,                                                        ,                            CENTRO                            ,                            ELDORADO                            ,                            MS"
289,ABSORVENTE SEMPRE LIVRE ESPECIAL C/ABAS C/16,UN,"1","7,98","7,98","31/03/2022","09:31:44",EVANDRO MARINI - EPP,"00.859.871/0001-65","RUA SANTA TEREZINHA                            ,                            1015                            ,                                                        ,                            CENTRO                            ,                            ELDORADO                            ,                            MS"
290,ABSORVENTE INTIMUS INTERNO C/8 SUPER,UN,"1","7,98","7,98","31/03/2022","09:31:44",EVANDRO MARINI - EPP,"00.859.871/0001-65","RUA SANTA TEREZINHA                            ,                            1015                            ,                                                        ,                            CENTRO                            ,                            ELDORADO                            ,                            MS"
291,ESPONJA BRILHUS C/4,UN,"1","4,98","4,98","31/03/2022","09:31:44",EVANDRO MARINI - EPP,"00.859.871/0001-65","RUA SANTA TEREZINHA                            ,                            1015                            ,                                                        ,                            CENTRO                            ,                            ELDORADO                            ,                            MS"
292,LEITE FRIMESA 1L INTEGRAL,UN,"1","5,98","5,98","31/03/2022","09:31:44",EVANDRO MARINI - EPP,"00.859.871/0001-65","RUA SANTA TEREZINHA                            ,                            1015                            ,                                                        ,                            CENTRO                            ,                            ELDORADO                            ,                            MS"
293,LEITE FRIMESA 1L INTEGRAL,UN,"1","5,98","5,98","31/03/2022","09:31:44",EVANDRO MARINI - EPP,"00.859.871/0001-65","RUA SANTA TEREZINHA                            ,                            1015                            ,                                                        ,                            CENTRO                            ,                            ELDORADO                            ,                            MS"
294,BISCOITO MARILAN 350G MAIZENA,UN,"1","6,98","6,98","31/03/2022","09:31:44",EVANDRO MARINI - EPP,"00.859.871/0001-65","RUA SANTA TEREZINHA                            ,                            1015                            ,                                                        ,                            CENTRO                            ,                            ELDORADO                            ,                            MS"
295,MISTURA HORIZONTE 500G PAO DE QUEIJO,UN,"1","6,98","6,98","31/03/2022","09:31:44",EVANDRO MARINI - EPP,"00.859.871/0001-65","RUA SANTA TEREZINHA                            ,                            1015                            ,                                                        ,                            CENTRO                            ,                            ELDORADO                            ,                            MS"
296,ESCOVA DENTAL JADEPRO SLIM 5700 ULTRAFINAS C/2,UN,"1","17,98","17,98","31/03/2022","09:31:44",EVANDRO MARINI - EPP,"00.859.871/0001-65","RUA SANTA TEREZINHA                            ,                            1015                            ,                                                        ,                            CENTRO                            ,                            ELDORADO                            ,                            MS"
297,SAPOLIO RADIUM CREMOSO 250ML LAVANDA,UN,"1","8,98","8,98","31/03/2022","09:31:44",EVANDRO MARINI - EPP,"00.859.871/0001-65","RUA SANTA TEREZINHA                            ,                            1015                            ,                                                        ,                            CENTRO                            ,                            ELDORADO                            ,                            MS"
298,MOLHO VERDE D`AJUDA PET 185G,UN,"1","5,78","5,78","31/03/2022","09:31:44",EVANDRO MARINI - EPP,"00.859.871/0001-65","RUA SANTA TEREZINHA                            ,                            1015                            ,                                                        ,                            CENTRO                            ,                            ELDORADO                            ,                            MS"
299,ACHOCOLATADO NESCAU 370G,UN,"1","7,98","7,98","31/03/2022","09:31:44",EVANDRO MARINI - EPP,"00.859.871/0001-65","RUA SANTA TEREZINHA                            ,                            1015                            ,                                                        ,                            CENTRO                            ,                            ELDORADO                            ,                            MS"
300,CHA OETKER 10G FRUTAS BOSQUE,UN,"1","7,98","7,98","31/03/2022","09:31:44",EVANDRO MARINI - EPP,"00.859.871/0001-65","RUA SANTA TEREZINHA                            ,                            1015                            ,                                                        ,                            CENTRO                            ,                            ELDORADO                            ,                            MS"
301,SHAMPOO ELSEVE 200ML OLEO EXTRAORDINARIO,UN,"1","13,98","13,98","31/03/2022","09:31:44",EVANDRO MARINI - EPP,"00.859.871/0001-65","RUA SANTA TEREZINHA                            ,                            1015                            ,                                                        ,                            CENTRO                            ,                            ELDORADO                            ,                            MS"
302,LIMPADOR PERFUMADO UAU 1L ROSA E SEDUCAO,UN,"1","8,98","8,98","31/03/2022","09:31:44",EVANDRO MARINI - EPP,"00.859.871/0001-65","RUA SANTA TEREZINHA                            ,                            1015                            ,                                                        ,                            CENTRO                            ,                            ELDORADO                            ,                            MS"
303,BANHA EM POTE 450G,UN,"1","6,98","6,98","31/03/2022","09:31:44",EVANDRO MARINI - EPP,"00.859.871/0001-65","RUA SANTA TEREZINHA                            ,                            1015                            ,                                                        ,                            CENTRO                            ,                            ELDORADO                            ,                            MS"
304,INSETICIDA LIQUIDO BAYGON PET 475ML,UN,"1","18,98","18,98","31/03/2022","09:31:44",EVANDRO MARINI - EPP,"00.859.871/0001-65","RUA SANTA TEREZINHA                            ,                            1015                            ,                                                        ,                            CENTRO                            ,                            ELDORADO                            ,                            MS"
305,PATO GERMINEX 750ML MARINE,UN,"1","12,98","12,98","31/03/2022","09:31:44",EVANDRO MARINI - EPP,"00.859.871/0001-65","RUA SANTA TEREZINHA                            ,                            1015                            ,                                                        ,                            CENTRO                            ,                            ELDORADO                            ,                            MS"
306,KIT 2 VEJA ORIGINAL +1 POWER FUSION,UN,"1","15,98","15,98","31/03/2022","09:31:44",EVANDRO MARINI - EPP,"00.859.871/0001-65","RUA SANTA TEREZINHA                            ,                            1015                            ,                                                        ,                            CENTRO                            ,                            ELDORADO                            ,                            MS"
307,TOALHINHA UMEDECIDA MILI BABY C/110,UN,"1","12,98","12,98","31/03/2022","09:31:44",EVANDRO MARINI - EPP,"00.859.871/0001-65","RUA SANTA TEREZINHA                            ,                            1015                            ,                                                        ,                            CENTRO                            ,                            ELDORADO                            ,                            MS"
308,DETERGENTE YPE 500ML MACA,UN,"1","2,68","2,68","31/03/2022","09:31:44",EVANDRO MARINI - EPP,"00.859.871/0001-65","RUA SANTA TEREZINHA                            ,                            1015                            ,                                                        ,                            CENTRO                            ,                            ELDORADO                            ,                            MS"
309,VINAGRE VITALIA 750ML ALCOOL,UN,"1","1,99","1,99","31/03/2022","09:31:44",EVANDRO MARINI - EPP,"00.859.871/0001-65","RUA SANTA TEREZINHA                            ,                            1015                            ,                                                        ,                            CENTRO                            ,                            ELDORADO                            ,                            MS"
310,VINAGRE VITALIA 750ML ALCOOL,UN,"1","1,99","1,99","31/03/2022","09:31:44",EVANDRO MARINI - EPP,"00.859.871/0001-65","RUA SANTA TEREZINHA                            ,                            1015                            ,                                                        ,                            CENTRO                            ,                            ELDORADO                            ,                            MS"
311,OLEO DE SOJA CONCORDIA 900ML,UN,"1","9,98","9,98","31/03/2022","09:31:44",EVANDRO MARINI - EPP,"00.859.871/0001-65","RUA SANTA TEREZINHA                            ,                            1015                            ,                                                        ,                            CENTRO                            ,                            ELDORADO                            ,                            MS"
312,OLEO DE SOJA CONCORDIA 900ML,UN,"1","9,98","9,98","31/03/2022","09:31:44",EVANDRO MARINI - EPP,"00.859.871/0001-65","RUA SANTA TEREZINHA                            ,                            1015                            ,                                                        ,                            CENTRO                            ,                            ELDORADO                            ,                            MS"
313,DETERGENTE YPE 500ML CLEAR CARE,UN,"1","2,68","2,68","31/03/2022","09:31:44",EVANDRO MARINI - EPP,"00.859.871/0001-65","RUA SANTA TEREZINHA                            ,                            1015                            ,                                                        ,                            CENTRO                            ,                            ELDORADO                            ,                            MS"
314,DETERGENTE YPE 500ML MACA,UN,"1","2,68","2,68","31/03/2022","09:31:44",EVANDRO MARINI - EPP,"00.859.871/0001-65","RUA SANTA TEREZINHA                            ,                            1015                            ,                                                        ,                            CENTRO                            ,                            ELDORADO                            ,                            MS"
315,DETERGENTE YPE 500ML CLEAR CARE,UN,"1","2,68","2,68","31/03/2022","09:31:44",EVANDRO MARINI - EPP,"00.859.871/0001-65","RUA SANTA TEREZINHA                            ,                            1015                            ,                                                        ,                            CENTRO                            ,                            ELDORADO                            ,                            MS"
316,COMEDOURO PLASTICO DUPLO GRANDE,UN,"1","7,98","7,98","31/03/2022","09:31:44",EVANDRO MARINI - EPP,"00.859.871/0001-65","RUA SANTA TEREZINHA                            ,                            1015                            ,                                                        ,                            CENTRO                            ,                            ELDORADO                            ,                            MS"
